{
  "project_info": {
    "project_number": "117303977774",
    "project_id": "notes-8d245",
    "storage_bucket": "notes-8d245.firebasestorage.app"
  },
  "client": [
    {
      "client_info": {
        "mobilesdk_app_id": "1:117303977774:android:040206b2f46c2decfffcbf",
        "android_client_info": {
          "package_name": "com.example.notespro"
        }
      },
      "oauth_client": [],
      "api_key": [
        {
          "current_key": "AIzaSyDnKwTQnyYGUeaWpOFizYHL0RurpQ2q0UA"
        }
      ],
      "services": {
        "appinvite_service": {
          "other_platform_oauth_client": []
        }
      }
    }
  ],
  "configuration_version": "1"
}